Model,Accuracy,F1 Score,AUC-ROC
Ensemble (Voting),0.8065661047027507,0.5775193798449613,0.8430759536619651
LogisticRegression,0.8172138420585625,0.6053639846743295,0.8416864588887274
RandomForest,0.8074534161490683,0.581888246628131,0.8313258365243242
XGBoost,0.7914818101153505,0.5640074211502782,0.8212035286704473
